{"cameraMode":{"drawMode":0,"name":"Shaded","section":"Shading Mode"},"sceneLighting":true,"audioPlay":false,"sceneViewState":{"showFog":true,"showMaterialUpdate":false,"showSkybox":true,"showFlares":true,"showImageEffects":true,"showParticleSystems":true},"in2DMode":false,"pivot":{"x":0.006336330436170101,"y":1.7251886129379273,"z":0.025247961282730104},"rotation":{"x":0.0010474234586581588,"y":0.9984319806098938,"z":-0.01978117786347866,"w":0.05276774615049362},"size":0.3946753144264221,"orthographic":false}