{"cameraMode":{"drawMode":0,"name":"Shaded","section":"Shading Mode"},"sceneLighting":true,"audioPlay":false,"sceneViewState":{"showFog":true,"showMaterialUpdate":false,"showSkybox":true,"showFlares":true,"showImageEffects":true,"showParticleSystems":true},"in2DMode":false,"pivot":{"x":-0.0025283717550337316,"y":1.5773446559906006,"z":0.15617060661315919},"rotation":{"x":-0.00015355493815150112,"y":0.9993619322776794,"z":-0.03630252927541733,"w":-0.00419622752815485},"size":3.6946749687194826,"orthographic":false}